"","x"
"1","K1B_S10000-LC--TTAGGCAGTCGAACAG"
"2","K1B_S10000-LC--CTAGCCTCAATCACAC"
"3","K1B_S10000-LC--ACTTTCACATTGTGCA"
"4","K1B_S144-HC--CTCGAGGCAATGACCT"
"5","K1B_S144-HC--GTCACAACAACGATCT"
"6","K1B_S144-LC--TTTCCTCCACTTAAGC"
"7","K1B_S144-LC--ATCATGGGTGGTCTCG"
"8","K1B_S144-LC--TCTTTCCGTCTAGTCA"
"9","K1B_S144-LC--ATGAGGGGTGTATGGG"
"10","K1B_S144-LC--ACGCCAGAGGCATTGG"
"11","K1B_S144-LC--GTCACAACAACGATCT"
"12","K1B_S144-LC--CACATAGTCATACGGT"
"13","K1B_S144-LC--TGTGGTAAGGCGACAT"
"14","K1B_S144-LC--TTGCGTCAGCGAGAAA"
"15","K1B_S144-LC--CAAGTTGCAGCTGTGC"
"16","K1B_S144-LC--TGCTGCTGTACAGTGG"
"17","K1B_S144-LC--ACGCAGCAGCAGGCTA"
"18","K1B_S144-LC--GACCTGGAGATGCCAG"
"19","K1B_S144-LC--AGTGAGGGTCGATTGT"
"20","K1B_S144-LC--AGTGTCACAGCTGGCT"
"21","K1B_S144-LC--AACTCAGCATTCGACA"
"22","K1B_S144-LC--CGGTTAATCGGGAGTA"
"23","K1B_S144-LC--GGCCGATAGATTACCC"
"24","K1B_S144-LC--CCACTACTCAGTTTGG"
"25","K1B_S144-LC--ACTGTCCCAGCTGGCT"
"26","K1B_S144-LC--TTATGCTCATCCTTGC"
"27","K1B_S144-LC--GCACATATCGCTTAGA"
"28","K1B_S144-LC--GGAATAAGTCTCTCGT"
"29","K1B_S144-LC--TTATGCTCACACCGAC"
"30","K1B_S144-LC--CCTTCCCTCTCGCATC"
"31","K1B_S144-LC--AAGGTTCGTTGTACAC"
"32","K1B_S144-LC--CACAGTACAGGATCGA"
"33","K1B_S144-LC--GATCTAGTCGCCGTGA"
"34","K1B_S144-LC--CCTTACGAGACATAAC"
"35","K1B_S144-LC--CGTTCTGGTTCTGGTA"
"36","K1B_S144-LC--AGGTCATCAGTTCCCT"
"37","K1B_S144-LC--CCAATCCTCGGAAATA"
"38","K1B_S144-LC--CAAGAAAAGTCCGGTC"
"39","K1B_S144-LC--GTAGGCCTCTGAGTGT"
"40","K1B_S144-LC--CTGAAGTTCCATGCTC"
"41","K1B_S144-LC--GGCGACTAGAGGTACC"
"42","K1B_S144-LC--CAACCTCGTCTGATTG"
"43","K1B_S144-LC--ATCCACCAGAACAACT"
"44","K1B_S144-LC--CCTACCATCATGCATG"
"45","K1B_S144-LC--CATTATCTCAACCATG"
"46","K1B_S144-LC--CTCGAGGCAATGACCT"
"47","K1B_S144-LC--CAACCAAAGTTACGGG"
"48","K1B_S144-LC--GATGCTATCTTCCTTC"
"49","K1B_S144-LC--CACATTTAGATCCCAT"
"50","K1B_S144-LC--GGTATTGAGAATTCCC"
"51","K1B_S144-LC--TGCCAAAAGACTACAA"
"52","K1B_S144-LC--GTCGTAATCGGGAGTA"
"53","K1B_S144-LC--CTGGTCTTCAACCATG"
"54","K1B_S144-LC--ACTTACTGTAGAGGAA"
"55","K1B_S144-LC--CGTAGCGGTGCACTTA"
"56","K1B_S144-LC--CTGGTCTGTGTCAATC"
"57","K1B_S144-LC--CATGACAGTGTCAATC"
"58","K1B_S144-LC--CACCAGGAGGCGATAC"
"59","K1B_S144-LC--GACGTTACAACTGCTA"
"60","K1B_S144-LC--CACACCTGTTGTGGAG"
"61","K1B_S144-LC--GAACATCTCTGATTCT"
"62","K1B_S144-LC--CCATTCGCAAGCTGAG"
"63","K1B_S144-LC--AGCAGCCAGTATGACA"
"64","K2B_S12118-HC--CGGAGTCCACTCGACG"
"65","K2B_S12500-HC--TACCTATAGCGATCCC"
"66","K2B_S12500-LC--TACCTATAGCGATCCC"
"67","K2B_S13530-LC--CAAGATCTCAATCACG"
"68","K2B_S13530-LC--CAGTAACCATATGGTC"
"69","K2B_S13553-LC--TGTGTTTAGACTGGGT"
"70","K2B_S13553-LC--CACCACTAGCCTCGTG"
"71","K2B_S13553-LC--GGCTGGTTCCCACTTG"
"72","K2B_S13553-LC--AAACGGGCACGGTAGA"
"73","K2B_S13553-LC--GATCGTATCCCATTTA"
"74","K2B_S13553-LC--AGCTCCTCATGCAACT"
"75","K2B_S13553-LC--TCCCGATCAATGGAAT"
"76","K2B_S13553-LC--CTAATGGTCATTGCCC"
"77","K3B_S8934-LC--CAGCTAAAGGTGCTAG"
"78","K4B_S8934-HC--TGTCCCAGTTTGTTGG"
"79","K4B_S8934-HC--TGAGAGGCAGACTCGC"
"80","K4B_S8934-HC--AGATCTGAGACCGGAT"
"81","K4B_S8934-HC--AGGCCGTGTGCGCTTG"
"82","K4B_S8934-HC--CTTTGCGTCAAGGTAA"
"83","K4B_S8934-HC--GGACGTCTCGACCAGC"
"84","K4B_S8934-HC--ACGTCAACACATCTTT"
"85","K4B_S8934-HC--ACAGCCGAGCTGAAAT"
"86","K4B_S8934-HC--CTGCGGAGTTACAGAA"
"87","K4B_S8934-HC--TCGAGGCTCGCCGTGA"
"88","K4B_S8934-HC--AAAGCAATCCGCAAGC"
"89","K6B_S13530-HC--CTGAAGTAGTTTAGGA"
"90","K6B_S13530-HC--GTAGGCCTCTTGTTTG"
"91","K6B_S13530-HC--CTTGGCTAGTGTCTCA"
"92","K6B_S13530-HC--AGCATACTCCTCAACC"
"93","K6B_S13530-HC--TGCTACCGTAGGGTAC"
"94","K6B_S13530-HC--CCACCTAAGGCAGTCA"
"95","K6B_S13530-HC--CTTCTCTAGCGCCTTG"
"96","K6B_S13530-HC--TGTGGTATCAGCTTAG"
"97","K6B_S13530-HC--ACTGTCCCATCTGGTA"
"98","K6B_S13530-HC--TGGGCGTCATGACATC"
"99","K6B_S13530-HC--GTAGGCCAGGCCGAAT"
"100","K6B_S13530-HC--ACGATACAGGAGCGAG"
"101","K6B_S13530-HC--CTGCTGTTCCGCTGTT"
"102","K6B_S13530-HC--GGCCGATTCTGCCCTA"
"103","K6B_S13530-HC--CATCGGGAGCGCTTAT"
"104","K6B_S13530-HC--TAGAGCTAGAGCCTAG"
"105","K6B_S13530-HC--GCACTCTAGGAGTTTA"
"106","K6B_S13530-HC--GACTACAGTAGCGATG"
"107","K6B_S13530-HC--CGCTGGAGTTATGCGT"
"108","K6B_S13530-HC--TAGCCGGTCGGTTCGG"
"109","K6B_S13530-HC--CGTAGGCAGCGCTCCA"
"110","K6B_S13530-HC--CAAGGCCAGGGTCTCC"
"111","K6B_S13530-HC--TAGACCAGTCGCGTGT"
"112","K6B_S13530-HC--CGGAGTCGTATGAATG"
"113","K6B_S13530-HC--ACTGAGTTCTACTTAC"
"114","K6B_S13530-HC--TGTGGTAGTACCATCA"
"115","K6B_S13530-HC--CACACCTAGGCTACGA"
"116","K6B_S13530-HC--CGGAGCTAGATCACGG"
"117","K6B_S13530-HC--CGCGGTATCGACGGAA"
"118","K6B_S13530-HC--GGACAAGGTAGGGTAC"
"119","K6B_S13530-LC--TATCAGGAGTACGTAA"
"120","K6B_S13530-LC--TGACAACGTAGATTAG"
"121","K6B_S13530-LC--AGTTGGTGTCATTAGC"
"122","K6B_S13530-LC--CACACCTAGGCTACGA"
"123","K6B_S13530-LC--ACTGTCCCATCTGGTA"
"124","K6B_S13530-LC--GGCCGATTCTGCCCTA"
"125","K6B_S13530-LC--GATCGCGCACAGATTC"
"126","K6B_S13530-LC--TATCTCACAGATCGGA"
"127","K6B_S13530-LC--CATTCGCTCCAGAGGA"
"128","K6B_S13530-LC--TGCGTGGGTCCCTACT"
"129","K6B_S13530-LC--GACCAATCATGAGCGA"
"130","K6B_S13530-LC--ACCAGTACAGGGATTG"
"131","K6B_S13530-LC--CTCCTAGGTAAACACA"
"132","K6B_S13530-LC--CGGAGCTAGATCACGG"
"133","K6B_S13530-LC--AAGACCTCATGCAATC"
"134","K6B_S13530-LC--GTAGGCCAGGCCGAAT"
"135","K6B_S13530-LC--TCGTACCGTCACCTAA"
"136","K6B_S13530-LC--TTGTAGGTCCTGTACC"
"137","K6B_S13530-LC--AGAGCTTTCGTCGTTC"
"138","K6B_S13530-LC--CGACCTTTCGCATGAT"
"139","K7B_S10000-HC--CAGCTAAAGTACGCGA"
"140","K7B_S10000-HC--GCTGCAGTCTTGTTTG"
"141","K7B_S10000-HC--ATTGGTGAGCTGATAA"
"142","K7B_S10000-HC--TGTGTTTGTGCCTGCA"
"143","K7B_S10000-HC--TTGGCAAAGTGTGAAT"
"144","K7B_S10000-HC--GACACGCTCACCGTAA"
"145","K7B_S10000-HC--TAGTGGTCAGCCACCA"
"146","K7B_S10000-HC--CCATTCGAGCAATATG"
"147","K7B_S10000-HC--ACTTGTTGTTGGTAAA"
"148","K7B_S10000-HC--AGCTCTCGTCAGTGGA"
"149","K7B_S10000-HC--TAAACCGAGACTGGGT"
"150","K7B_S10000-HC--AAGTCTGAGCCAGAAC"
"151","K7B_S10000-HC--GATCGCGGTACAGCAG"
"152","K7B_S10000-HC--CACACCTAGTGAAGAG"
"153","K7B_S10000-HC--GATCGTAGTGCCTTGG"
"154","K7B_S10000-HC--TCCACACAGAAGATTC"
"155","K7B_S10000-HC--CCGTACTTCATAGCAC"
"156","K7B_S10000-HC--GCTTCCAGTCTTGTCC"
"157","K7B_S10000-HC--TTGAACGAGGACACCA"
"158","K7B_S10000-HC--AAGCCGCGTACTTGAC"
"159","K7B_S10000-HC--AAGCCGCAGGAGTACC"
"160","K7B_S10000-HC--CATCCACTCTATGTGG"
"161","K7B_S10000-HC--TCGCGTTAGATGTAAC"
"162","K7B_S10000-HC--CGTAGCGGTTCGGCAC"
"163","K7B_S10000-HC--CCTACCAGTAGAGGAA"
"164","K7B_S10000-HC--TCATTTGGTGCGCTTG"
"165","K7B_S10000-HC--GCTCCTAGTCAAACTC"
"166","K7B_S10000-HC--AAATGCCTCGAGGTAG"
"167","K7B_S10000-HC--GTCTTCGTCGGTGTCG"
"168","K7B_S10000-HC--AAGGTTCTCGTCGTTC"
"169","K7B_S10000-HC--ACGATACTCTTGCAAG"
"170","K7B_S10000-HC--TCGCGAGCATTTCAGG"
"171","K7B_S10000-HC--CCGTGGAGTTTGACAC"
"172","K7B_S10000-HC--TGCGGGTCAGTTCATG"
"173","K7B_S10000-HC--CAAGATCAGACGCACA"
"174","K7B_S10000-HC--CTCATTACAAGCGAGT"
"175","K7B_S10000-HC--ATTACTCCACGAGAGT"
"176","K7B_S10000-LC--TAGTGGTCAGCCACCA"
"177","K7B_S10000-LC--GGACGTCAGGCACATG"
"178","K7B_S10000-LC--TCGGGACCACTTAAGC"
"179","K7B_S10000-LC--TTTACTGAGAGCTATA"
"180","K7B_S10000-LC--CATATTCCAAGAAGAG"
"181","K7B_S10000-LC--CACACCTCATTACCTT"
"182","K7B_S10000-LC--CTCGAGGCACCAGGTC"
"183","K7B_S10000-LC--GACTGCGCAGCTGTAT"
"184","K7B_S10000-LC--TGTTCCGGTCGGCTCA"
"185","K7B_S10000-LC--ATCGAGTCACCATCCT"
"186","K7B_S10000-LC--CGTCAGGAGTGTCCAT"
"187","K7B_S10000-LC--GTCTTCGCAATTGCTG"
"188","K7B_S10000-LC--TTGGCAAAGTGTGAAT"
"189","K7B_S10000-LC--TTCTCAATCGCATGGC"
"190","K7B_S10000-LC--TCTCATATCATCGATG"
"191","K7B_S10000-LC--CTGAAGTAGCTGATAA"
"192","K7B_S10000-LC--GTTCATTAGAAACGCC"
"193","K7B_S10000-LC--GGGATGAGTTGACGTT"
"194","K7B_S10000-LC--CAGGTGCTCAGGATCT"
"195","K7B_S10000-LC--TGCGCAGGTTGTTTGG"
"196","K7B_S10000-LC--CGTTGGGTCCTTTCTC"
"197","K7B_S10000-LC--GCTCCTAGTCAAACTC"
"198","K7B_S10000-LC--CCTACACGTTACCGAT"
"199","K7B_S10000-LC--ATCTGCCCATTTGCCC"
"200","K7B_S10000-LC--TCGGTAATCCCGGATG"
"201","K7B_S10000-LC--CCTCTGAGTATTCTCT"
"202","K7B_S10000-LC--CCGTTCAGTACCTACA"
"203","K7B_S10000-LC--GCATGCGCACCAGGCT"
"204","K7B_S10000-LC--AACACGTCAGCTGGCT"
"205","K7B_S10000-LC--GTCTCGTCACGGTTTA"
"206","K7B_S10000-LC--GACCAATCACCCTATC"
"207","K7B_S10000-LC--TTTGTCATCTACGAGT"
"208","K7B_S10000-LC--CTCGTCATCTTCGAGA"
"209","K7B_S10000-LC--ACGCCGAGTGTTGAGG"
"210","K7B_S10000-LC--GCTGCAGTCTTGTTTG"
"211","K7B_S10000-LC--TGCCAAACATCGGAAG"
"212","K7B_S10000-LC--AAGTCTGAGCCAGAAC"
"213","K7B_S10000-LC--TTCTCAACACAGGTTT"
"214","K7B_S10000-LC--TCCACACAGAAGATTC"
"215","K7B_S10000-LC--CAGCCGACACACCGCA"
"216","K7B_S10000-LC--TGTGTTTGTGCCTGCA"
"217","K7B_S10000-LC--CGTAGCGGTTCGGCAC"
"218","K7B_S10000-LC--TTCTTAGCAGACAGGT"
"219","K7B_S10000-LC--CCATTCGCAGACAAAT"
"220","K7B_S10000-LC--TCTCATAAGTGCCAGA"
"221","K7B_S10000-LC--TACGGATGTTTGACTG"
"222","K7B_S10000-LC--CGGAGCTCACAGATTC"
"223","K7B_S10000-LC--CTTAGGAGTGGCAAAC"
"224","K7B_S10000-LC--CAAGATCAGACGCACA"
"225","K7B_S10000-LC--AACCGCGAGTGGTAAT"
"226","K7B_S10000-LC--TAGACCAAGTGTGGCA"
"227","K7B_S10000-LC--GTATTCTTCATCACCC"
"228","K7B_S10000-LC--TTTACTGAGTCGATAA"
"229","K7B_S10000-LC--GTCGGGTCAATCTGCA"
"230","K7B_S10000-LC--CGTTCTGAGCGTAGTG"
"231","K7B_S10000-LC--ACACCCTCACGAAAGC"
"232","K7B_S10000-LC--TTGACTTTCGCGGATC"
"233","K7B_S10000-LC--GAATAAGGTCGGGTCT"
"234","K7B_S10000-LC--ATAACGCGTCACCCAG"
"235","K7B_S10000-LC--CGGCTAGCAAGCGATG"
"236","K8B_S13553-HC--CGAGAAGAGGCTATCT"
"237","K8B_S13553-HC--GACGGCTGTTCTGAAC"
"238","K8B_S13553-HC--CACACTCGTAAGAGAG"
"239","K8B_S13553-HC--CCTAAAGAGGCAGTCA"
"240","K8B_S13553-HC--TGACTTTCAATCGAAA"
"241","K8B_S13553-HC--GTACGTATCTCACATT"
"242","K8B_S13553-HC--TGTGTTTCATCCGGGT"
"243","K8B_S13553-HC--CTCAGAACAATGTAAG"
"244","K8B_S13553-HC--CAGAATCCACAGGAGT"
"245","K8B_S13553-LC--TCGTACCTCGGCGGTT"
"246","K8B_S13553-LC--ACTGATGTCATTGCCC"
"247","K8B_S13553-LC--GCGCGATTCTCCCTGA"
"248","K8B_S13553-LC--GTCAAGTTCTGCTGCT"
"249","K8B_S13553-LC--CTCTGGTCACGACTCG"
"250","K8B_S13553-LC--GACTGCGTCATGTCTT"
"251","K8B_S13553-LC--CTGGTCTGTCGTGGCT"
"252","K8B_S13553-LC--TCAGATGTCACAGGCC"
"253","K8B_S13553-LC--AGGGTGACATCGATTG"
"254","K8B_S13553-LC--AAAGCAAGTAGTACCT"
"255","K8B_S13553-LC--TTCTCCTAGTACGATA"
"256","K8B_S13553-LC--CGTGAGCCACTTAAGC"
"257","K8B_S13553-LC--CAGTAACCAGTAACGG"
"258","K8B_S13553-LC--TCGGGACCATTCGACA"
"259","K8B_S13553-LC--AGGCCACCAAGAGTCG"
"260","K8B_S13553-LC--GGCGACTTCGCACTCT"
"261","K8B_S13553-LC--GTGCAGCAGGTAGCTG"
"262","K8B_S13553-LC--ATTTCTGTCTGTCCGT"
"263","K8B_S13553-LC--AACCGCGGTCCTCCAT"
"264","K8B_S13553-LC--ATCTGCCGTATGGTTC"
"265","K8B_S13553-LC--GCTGGGTAGTTTGCGT"
"266","K8B_S13553-LC--CGACTTCTCATTGCGA"
"267","K8B_S13553-LC--CGGAGTCCAACAACCT"
"268","K8B_S13553-LC--CGAGAAGAGGCTATCT"
"269","K8B_S13553-LC--GGGATGAGTCGAAAGC"
"270","K8B_S13553-LC--TCGTACCAGTCCGGTC"
"271","K8B_S13553-LC--GATCGTATCTGTTTGT"
"272","K8B_S13553-LC--GGACAGAAGAAGCCCA"
"273","K8B_S13553-LC--TTAACTCTCGGTCCGA"
"274","K8B_S13553-LC--TTCTCAAAGCTAGTTC"
"275","K8B_S13553-LC--TGCGTGGCATGCCTTC"
"276","K8B_S13553-LC--GCGCAACTCGGAGCAA"
"277","K8B_S13553-LC--TCTGGAAGTCGGATCC"
"278","K8B_S13553-LC--CATCAAGCAGGATCGA"
"279","K8B_S13553-LC--TGACAACTCAGCTCTC"
"280","K8B_S13553-LC--CAGGTGCGTATGAAAC"
"281","K8B_S13553-LC--CCGTACTCAACTGGCC"
"282","K8B_S13553-LC--GGCTGGTCACGAAACG"
"283","K8B_S13553-LC--TCTCATACACAGCGTC"
"284","K8B_S13553-LC--ACGGAGACAACTGCGC"
"285","K8B_S13553-LC--TGTGGTACAGCTGTGC"
"286","K8B_S13553-LC--GTCGGGTTCACTCTTA"
"287","K8B_S13553-LC--TGACGGCTCTCGCATC"
"288","K8B_S13553-LC--GACGGCTTCTCAACTT"
"289","K8B_S13553-LC--ATTACTCGTCTAGGTT"
"290","K8B_S13553-LC--AATCGGTTCGCCATAA"
"291","K8B_S13553-LC--TATCAGGCAAGCCGTC"
"292","K8B_S13553-LC--CAGCAGCAGGACACCA"
"293","K8B_S13553-LC--TCAGATGTCTGGCGAC"
"294","K8B_S13553-LC--CATCGGGTCGTGGACC"
"295","K8B_S13553-LC--GAGTCCGAGGTGCTTT"
"296","K8B_S13553-LC--AACTCTTGTACAGTTC"
"297","K8B_S13553-LC--GGCTGGTCACCCATTC"
"298","K8B_S13553-LC--CGTTGGGCACACCGAC"
"299","K8B_S13553-LC--CTACACCTCCGTCAAA"
"300","K8B_S13553-LC--TCAGCAACACGCGAAA"
"301","K8B_S13553-LC--TTTGGTTTCCGCGGTA"
"302","K8B_S13553-LC--ACATACGGTCCAGTTA"
"303","K8B_S13553-LC--CCTATTAAGCTGAAAT"
"304","K8B_S13553-LC--ACGATACTCATTATCC"
"305","K8B_S13553-LC--GAAATGAAGGGATCTG"
"306","K8B_S13553-LC--GCAGCCACATCACGTA"
"307","K8B_S13553-LC--ACTGTCCAGGGTCTCC"
"308","K8B_S13553-LC--GAACCTATCAGATAAG"
"309","K8B_S13553-LC--AGTTGGTGTGCAGTAG"
"310","K8B_S13553-LC--GCGGGTTTCTTGGGTA"
"311","K8B_S13553-LC--TGAGAGGGTCTGATTG"
"312","K8B_S13553-LC--ACTTGTTGTCTTTCAT"
"313","K8B_S13553-LC--AACTGGTTCTCGCTTG"
