"","cell_chain","total_umi_per","highest_umi"
"1","GTTACAGGTCCGAAGA_LC",100,78.1021897810219
"2","AGTTGGTCAGTAAGCG_HC",100,77.3584905660377
"3","GAATGAAGTAAGGATT_LC",100,77.1428571428572
"4","TAGAGCTGTATTCTCT_HC",100,76.9230769230769
"5","ACCAGTACAGGGATTG_HC",100,67.2619047619048
"6","CATCAAGCAGGATCGA_LC",100,79.5698924731183
"7","ACGATACAGGAGCGAG_HC",100,78.5714285714286
"8","CGTCACTCACCAGCAC_LC",100,78.4313725490196
"9","CAGCTAATCTTAACCT_LC",100,77.4647887323944
"10","CGACCTTTCGCATGAT_HC",100,77.2727272727273
"11","TGACAACGTAGATTAG_LC",100,77.027027027027
"12","CGGAGCTAGATCACGG_HC",100,76.3440860215054
"13","GTGCATAAGTTATCGC_HC",100,76.1904761904762
"14","CAGGTGCTCAGGATCT_LC",100,75.7575757575758
"15","CCACCTAAGGCAGTCA_HC",100,75.5555555555556
"16","TAGACCAGTCGCGTGT_HC",100,75
"17","TCGGTAATCCCGGATG_HC",100,75
"18","TTGAACGAGGACACCA_HC",100,75
"19","GACTGCGCAGCTGTAT_LC",100,74.3589743589744
"20","GAGTCCGTCTTGACGA_HC",100,72.972972972973
"21","AGTTGGTTCTGATACG_LC",100,72.7941176470588
"22","TGTGGTACAGCTGTGC_LC",100,72.5490196078431
"23","CGTAGGCAGCGCTCCA_LC",100,72.463768115942
"24","GTGCATAAGTTATCGC_LC",100,71.9298245614035
"25","CATGACATCACGCGGT_LC",100,71.4285714285714
"26","AAAGTAGAGGGTTTCT_LC",100,71.1538461538462
"27","CAACCAAAGTTACGGG_LC",100,71.0526315789474
"28","TCTCATATCATCGATG_HC",100,70
"29","CTCACACCAGCGATCC_LC",100,69.8412698412698
"30","AGATCTGAGTCGTACT_LC",100,69.7674418604651
"31","CGGGTCATCGGATGTT_LC",100,69.7368421052632
"32","CAGGTGCGTATGAAAC_LC",100,69.6969696969697
"33","GCGCAACGTCAAGCGA_LC",100,69.6428571428571
"34","CATTCGCTCCAGAGGA_HC",100,69.4444444444444
"35","CTGTGCTAGAGAACAG_HC",100,69.4444444444444
"36","TCGGTAATCCCGGATG_LC",100,69.3069306930693
"37","TGTGTTTGTGCCTGCA_HC",100,69.2307692307692
"38","CGACTTCTCATTGCGA_LC",100,68.8524590163934
"39","GTCAAGTAGAGGACGG_LC",100,68.5714285714286
"40","AAACCTGTCCTACAGA_LC",100,68.3333333333333
"41","GAGTCCGTCCTAGAAC_HC",100,68.3168316831683
"42","TAGAGCTAGAGCCTAG_LC",100,68.0412371134021
"43","AGGGAGTGTGCCTGCA_LC",100,68
"44","CCACTACAGGCAGTCA_LC",100,67.8571428571429
"45","AAGACCTCATGCAATC_LC",100,67.741935483871
"46","GGCTGGTGTAGGAGTC_LC",100,67.6923076923077
"47","CTCGTCATCTTCGAGA_LC",100,67.6470588235294
"48","TCTCTAACATTACCTT_LC",100,67.5675675675676
"49","GCATGATTCAGGTTCA_LC",100,67.0212765957447
"50","TGTGTTTGTGCCTGCA_LC",100,66.9291338582677
"51","GGAATAAGTCTCTCGT_LC",100,66.0377358490566
"52","ACTGTCCCATCTGGTA_LC",100,65.8227848101266
"53","ATCATGGGTGGTCTCG_LC",100,65.7142857142857
"54","CACATAGTCATACGGT_LC",100,65.7142857142857
"55","CTGTTTATCTGATACG_LC",100,65.7142857142857
"56","ACATACGCAAATACAG_LC",100,65.2777777777778
"57","CGTAGCGGTTCGGCAC_HC",100,65.2173913043478
"58","ACGCCAGTCTAACTCT_LC",100,65.1162790697674
"59","GATCGCGGTACAGCAG_LC",100,65.1162790697674
"60","ACTGTCCCATCTGGTA_HC",100,65
"61","GCTGCAGTCTTGTTTG_HC",100,64.7058823529412
"62","TGAGAGGAGTGAAGTT_LC",100,64.5161290322581
"63","CACACCTAGGCTACGA_HC",100,63.8888888888889
"64","GGCTGGTCACGAAACG_LC",100,63.8297872340426
"65","TAGAGCTAGAGCCTAG_HC",100,63.8297872340426
"66","ACTGAGTTCTACTTAC_LC",100,63.6363636363636
"67","AGGCCACCAAGAGTCG_LC",100,63.6363636363636
"68","AGGGTGACATCGATTG_LC",100,63.6363636363636
"69","GGCTCGAAGGATGGTC_LC",100,63.3333333333333
"70","ACTTGTTCAATCGAAA_LC",100,62.962962962963
"71","CGTTGGGCACACCGAC_LC",100,62.962962962963
"72","TAGCCGGTCGGTTCGG_LC",100,62.962962962963
"73","TCCACACAGAAGATTC_HC",100,62.962962962963
"74","CGTCAGGAGTGTCCAT_HC",100,62.5
"75","GCTGGGTAGTTTGCGT_LC",100,62.1621621621622
"76","AAATGCCTCGAGGTAG_HC",100,62.0689655172414
"77","GGCCGATTCTGCCCTA_HC",100,61.9047619047619
"78","TTGTAGGTCCTGTACC_HC",100,61.9047619047619
"79","CTGTGCTTCTATCCCG_LC",100,61.6033755274262
"80","ATCACGAAGCGATGAC_LC",100,61.5384615384615
"81","TTGACTTTCAGTGCAT_LC",100,61.5384615384615
"82","CTGAAGTAGTTTAGGA_LC",100,61.2244897959184
"83","CTCATTACACATGACT_LC",100,61.1111111111111
"84","GACCAATTCAGCATGT_HC",100,61.1111111111111
"85","GATCGCGCAGATCCAT_LC",100,61.1111111111111
"86","GATCTAGGTTGCGCAC_LC",100,61.1111111111111
"87","GTCTTCGCAATTGCTG_LC",100,60.4651162790698
"88","CAGGTGCTCAACGGGA_LC",100,60.4166666666667
"89","ACATACGCAAATACAG_HC",100,60
"90","CATGACAGTGTCAATC_LC",100,60
"91","CTGAAGTAGCTGATAA_HC",100,60
"92","GGCCGATAGATTACCC_LC",100,60
"93","TCGCGAGCATTTCAGG_HC",100,60
"94","TTAACTCGTGGACGAT_LC",100,60
"95","GTCACAATCTGATTCT_LC",100,59.7014925373134
"96","CTGGTCTGTGTCAATC_LC",100,59.4594594594595
"97","ACTGATGTCATTGCCC_LC",100,59.375
"98","TCAGATGTCTGGCGAC_LC",100,59.375
"99","GTAACGTCATTGAGCT_HC",100,59.2592592592593
"100","TGGGCGTCATGACATC_HC",100,59.0909090909091
"101","CACACCTAGGCTACGA_LC",100,58.8607594936709
"102","TACCTATGTCATTAGC_HC",100,58.8235294117647
"103","AGTGAGGGTCGATTGT_LC",100,58.6206896551724
"104","TAAACCGAGACTGGGT_LC",100,58.6206896551724
"105","ATCGAGTCACCATCCT_HC",100,58.3333333333333
"106","TATCAGGAGTACGTAA_HC",100,58.2608695652174
"107","ACTGAGTTCTACTTAC_HC",100,58.1081081081081
"108","CGAGAAGCAGGAACGT_LC",100,58.0645161290323
"109","TCGGTAACAATCAGAA_LC",100,57.8947368421053
"110","TATCAGGAGTACGTAA_LC",100,57.7981651376147
"111","TGTGGTAAGGCGACAT_LC",100,57.6923076923077
"112","TTATGCTCATCCTTGC_LC",100,57.6271186440678
"113","CCGTACTCAACTGGCC_LC",100,57.5757575757576
"114","AAGGTTCGTTGTACAC_LC",100,57.5
"115","TATCAGGTCTTCGAGA_LC",100,57.5
"116","TGCTGCTGTACAGTGG_LC",100,57.5
"117","AAAGCAAGTAGTACCT_LC",100,57.1428571428571
"118","AAGTCTGAGCCAGAAC_HC",100,57.1428571428571
"119","CAGCTAAAGTACGCGA_HC",100,57.1428571428571
"120","CCTACCATCGTGGACC_LC",100,57.1428571428571
"121","TCGGGACCACTTAAGC_HC",100,57.1428571428571
"122","CTTTGCGCACATCCGG_LC",100,56.8627450980392
"123","TTCTCAATCGCATGGC_LC",100,56.8181818181818
"124","AGTGTCAAGAGGTTAT_LC",100,56.6666666666667
"125","GAATAAGGTCGGGTCT_LC",100,56.6037735849057
"126","GAGTCCGAGGTGCTTT_LC",100,56.5656565656566
"127","ACTGAGTCAATCTACG_LC",100,56.5217391304348
"128","TCTTTCCGTCTAGTCA_LC",100,56.4102564102564
"129","GGCTCGAAGTCTCGGC_LC",100,56.3157894736842
"130","CACACCTCATTACCTT_LC",100,56.25
"131","GTCGTAATCGGGAGTA_LC",100,56.25
"132","TAGTGGTCATCTCCCA_HC",100,56.0975609756098
"133","AGTGTCACAGCTGGCT_LC",100,56
"134","CATCGGGTCGTGGACC_LC",100,56
"135","TAGACCAGTAAAGGAG_LC",100,55.9139784946236
"136","CCAATCCTCGGAAATA_LC",100,55.5555555555556
"137","CTGAAGTAGTTTAGGA_HC",100,55.5555555555556
"138","CTGCGGACAGCCTATA_HC",100,55.5555555555556
"139","GCAAACTTCTGTGCAA_LC",100,55.5555555555556
"140","GTAGGCCTCTGAGTGT_LC",100,55.5555555555556
"141","TTCTCAAAGCTAGTTC_LC",100,55.5555555555556
"142","AGTTGGTGTCATTAGC_LC",100,55.1724137931034
"143","ACGCCAGAGGCATTGG_LC",100,54.8387096774194
"144","CTAGTGAAGAGAGCTC_LC",100,54.8387096774194
"145","TGCTACCGTAGGGTAC_HC",100,54.6666666666667
"146","ACGATACTCATTATCC_LC",100,54.5454545454545
"147","TGATTTCGTTACTGAC_LC",100,54.5454545454545
"148","TGCCAAACATCGGAAG_LC",100,54.5454545454545
"149","TTTGGTTTCCGCGGTA_LC",100,54.5454545454545
"150","ATCGAGTCACCATCCT_LC",100,54.4117647058823
"151","TGATTTCAGGAGTAGA_LC",100,54.1666666666667
"152","TTGGAACGTGAGCGAT_HC",100,54.0540540540541
"153","CGTCAGGAGTGTCCAT_LC",100,53.9325842696629
"154","AGCTTGACAATGGACG_LC",100,53.8461538461538
"155","GAATAAGCAGGCTCAC_HC",100,53.8461538461538
"156","GCGCGATTCTCCCTGA_LC",100,53.8461538461538
"157","TTGTAGGTCCTGTACC_LC",100,53.8461538461538
"158","CGAGAAGAGGCTATCT_LC",100,53.7313432835821
"159","CGATCGGAGACACGAC_HC",100,53.6585365853659
"160","CCTACCATCATGCATG_LC",100,53.5714285714286
"161","GAACATCCAACTGGCC_LC",100,53.5714285714286
"162","ATCTGCCGTATGGTTC_LC",100,53.3333333333333
"163","CAGCCGACACACCGCA_LC",100,53.3333333333333
"164","TTTGTCATCTACGAGT_LC",100,53.3333333333333
"165","TGCGTGGGTCCCTACT_LC",100,53.2608695652174
"166","GTAGGCCAGGCCGAAT_HC",100,53.1914893617021
"167","ATCTACTGTATAGTAG_HC",100,52.9411764705882
"168","GGACAGAAGGCGACAT_HC",100,52.9411764705882
"169","ACTGCTCTCTTGACGA_LC",100,52.7777777777778
"170","GAAGCAGAGAGGTTGC_HC",100,52.7777777777778
"171","AACTGGTTCTCGCTTG_LC",100,52.5773195876289
"172","TAGTGGTCAGCCACCA_LC",100,52.5423728813559
"173","CACCTTGTCCCTTGCA_LC",100,52.3809523809524
"174","CAGTAACCATATGGTC_LC",100,52.3809523809524
"175","GGACAAGGTAGGGTAC_HC",100,52.3809523809524
"176","AAAGCAAGTTCAGACT_HC",100,52.1739130434783
"177","TTGACTTGTGCCTGGT_HC",100,52.1739130434783
"178","TGCGGGTCAGTTCATG_HC",100,52
"179","TTGCGTCCACTAAGTC_LC",100,52
"180","TCGGGACTCACAAACC_LC",100,51.9685039370079
"181","ATTTCTGTCTGTCCGT_LC",100,51.8987341772152
"182","TAGCCGGTCGGTTCGG_HC",100,51.8518518518518
"183","GCACTCTAGACGCTTT_LC",100,51.7241379310345
"184","TGTTCCGGTCGGCTCA_LC",100,51.7241379310345
"185","TCCACACAGAAGATTC_LC",100,51.6129032258064
"186","ACTTGTTAGACAGAGA_LC",100,51.5151515151515
"187","TAGTGGTCAGCCACCA_HC",100,51.5151515151515
"188","AGCATACTCCTCAACC_HC",100,51.4285714285714
"189","GATCGCGCAGATCCAT_HC",100,51.3888888888889
"190","GTCTCGTCAGCGTAAG_LC",100,50.8771929824561
"191","GGGATGAGTTGACGTT_LC",100,50.4424778761062
"192","AGGTCATCAGTTCCCT_LC",100,50
"193","ATCACGATCCGGGTGT_HC",100,50
"194","CCTTCCCTCTCGCATC_LC",100,50
"195","CTCATTACAAGCGAGT_HC",100,50
"196","GGAAAGCCAAGTCTGT_LC",100,50
"197","GGACGTCAGGCACATG_LC",100,50
"198","GTAGGCCAGGCCGAAT_LC",100,50
"199","TCAACGAAGATATACG_LC",100,50
"200","TCGCGTTGTTCCGGCA_LC",100,50
"201","TCGGGACCACTTAAGC_LC",100,50
"202","TTAGTTCTCTCTGTCG_LC",100,73.6842105263158
"203","GGTATTGAGAATTCCC_LC",100,68.1818181818182
"204","CACCACTAGACCGGAT_LC",100,66.6666666666667
"205","TGGGCGTCATGACATC_LC",100,66.6666666666667
"206","AGTTGGTTCTGATACG_HC",99.3710691823899,66.0377358490566
"207","GTGCGGTAGGCGACAT_LC",99.2592592592593,66.6666666666667
"208","AACACGTCAGCTGGCT_LC",99.236641221374,50.381679389313
"209","AGTGTCAAGAGGTTAT_HC",99.1228070175439,67.5438596491228
"210","TGTGGTAGTACCATCA_LC",99.0825688073395,78.8990825688073
"211","CGTAGGCAGCGCTCCA_HC",98.9010989010989,57.1428571428571
"212","TTTACTGAGAGCTATA_LC",98.8235294117647,61.1764705882353
"213","TGTGGTATCAGCTTAG_HC",98.7951807228916,65.0602409638554
"214","TACTTACGTAGGGTAC_LC",98.7951807228916,55.421686746988
"215","TAGAGCTGTATTCTCT_LC",98.7341772151899,49.3670886075949
"216","CACAGGCAGGTGCACA_HC",98.6666666666667,61.3333333333333
"217","ACTGAGTCAATCTACG_HC",98.6111111111111,65.2777777777778
"218","GCATGCGCACCAGGCT_LC",98.6111111111111,51.3888888888889
"219","CACACTCGTAAGAGAG_LC",98.5714285714286,72.8571428571428
"220","CCTAAAGAGGCATGTG_LC",98.5507246376812,52.1739130434783
"221","CGGAGCTAGATCACGG_LC",98.5294117647059,76.4705882352941
"222","GATCGCGCACAGATTC_HC",98.5294117647059,61.7647058823529
"223","TTCTCAACACAGGTTT_LC",98.5074626865672,50.7462686567164
"224","TGCCCTACAACTGCTA_LC",98.4126984126984,65.0793650793651
"225","CTTGGCTAGTGTCTCA_HC",98.2758620689655,60.3448275862069
"226","TTAACTCTCGGTCCGA_LC",98.2456140350877,61.4035087719298
"227","CAGAGAGCATCCCATC_LC",98.1818181818182,61.8181818181818
"228","TGACTTTCAATCGAAA_LC",98.0769230769231,55.7692307692308
"229","TGAGAGGGTCTGATTG_LC",98.0769230769231,63.4615384615385
"230","ACTGTCCAGGGTCTCC_LC",98.0769230769231,57.6923076923077
"231","TCAGGATTCTTGAGAC_HC",98.0769230769231,57.6923076923077
"232","GTGCAGCAGGTAGCTG_LC",98.0392156862745,54.9019607843137
"233","TGCGCAGGTTGTTTGG_LC",98,56
"234","CTTAGGAGTGGCAAAC_LC",97.9166666666667,62.5
"235","GACCAATCATGAGCGA_HC",97.9166666666667,60.4166666666667
"236","CATTCGCTCCAGAGGA_LC",97.8260869565217,56.5217391304348
"237","ACCGTAAGTACCCAAT_LC",97.6744186046512,58.1395348837209
"238","CTCGAGGCATCCGGGT_HC",97.6744186046512,72.0930232558139
"239","ATCTACTGTATAGTAG_LC",97.6744186046512,62.7906976744186
"240","GTCGGGTTCACTCTTA_LC",97.6190476190476,71.4285714285714
"241","TGTGGTAGTACCATCA_HC",97.5609756097561,79.2682926829268
"242","CGGAGCTCACAGATTC_LC",97.5609756097561,53.6585365853659
"243","GGGATGAGTCGAAAGC_LC",97.5609756097561,48.780487804878
"244","CCACCTAAGGCAGTCA_LC",97.4683544303797,53.1645569620253
"245","CTGAAGTAGCTGATAA_LC",97.3214285714286,57.1428571428571
"246","CTTCTCTAGCGCCTTG_HC",97.2972972972973,64.8648648648649
"247","CTCCTAGGTAAACACA_LC",97.2222222222222,61.1111111111111
"248","ATTACTCGTCTAGGTT_LC",97.2222222222222,63.8888888888889
"249","AGGGATGCAATGTAAG_LC",97.1428571428571,60
"250","GACCAATCATGAGCGA_LC",97.1428571428571,60
"251","CCTATTAAGGCACATG_LC",97.1428571428571,57.1428571428571
"252","CACACCTAGTGAAGAG_HC",96.969696969697,54.5454545454545
"253","TGACGGCTCTCGCATC_LC",96.969696969697,54.5454545454545
"254","CATCGGGAGCGCTTAT_HC",96.7741935483871,54.8387096774194
"255","GTCTCGTCACGGTTTA_LC",96.4285714285714,51.7857142857143
"256","CCTATTAAGCTGAAAT_LC",96.2962962962963,55.5555555555556
"257","GCTCCTAGTCAAACTC_LC",95.9183673469388,71.4285714285714
"258","GCAAACTGTATCGCAT_LC",95.8333333333333,58.3333333333333
"259","CTAAGACGTAGCCTAT_LC",95.6521739130435,67.3913043478261
"260","CATATTCCAAGAAGAG_LC",95.6521739130435,56.5217391304348
"261","ATCACGAAGCGATGAC_HC",95.6521739130435,52.1739130434783
"262","GCGGGTTTCTTGGGTA_LC",95.4545454545455,63.6363636363636
"263","CATCAGAAGGGTGTGT_LC",95.4545454545455,50
"264","TCTGGAAGTCGGATCC_LC",95.3846153846154,63.0769230769231
"265","TGACGGCCAGCTGTAT_LC",93.1034482758621,72.4137931034483
"266","GTTCATTAGAAACGCC_LC",92,48
"267","TTGGCAAAGTGTGAAT_LC",82.8571428571429,62.8571428571429
"268","GGTGCGTTCAACGGCC_LC",82.1428571428571,48.2142857142857
"269","ATCTGCCCATTTGCCC_LC",81.8181818181818,53.030303030303
"270","TCTCATATCATCGATG_LC",72.7272727272727,40
"271","GATCGCGGTACAGCAG_HC",70.4545454545455,47.7272727272727
"272","ACCAGTACAGGGATTG_LC",69.1588785046729,42.0560747663551
"273","TTGGCAAGTTTGGCGC_HC",58.695652173913,58.695652173913
"274","CTAGCCTGTCTTCGTC_LC",53.8461538461538,53.8461538461538
"275","GCATACAGTTAGTGGG_LC",50.9090909090909,40
"276","TAGTGGTCATCTCCCA_LC",45.4545454545455,45.4545454545455
"277","CGTTGGGTCCTTTCTC_LC",41.1764705882353,41.1764705882353
"278","TTGCCGTGTCTCTCTG_LC",30.9090909090909,30.9090909090909
