cell_chain,total_umi_per,highest_umi
CATCAAGCAGGATCGA_LC,100,79.56989247
ACGATACAGGAGCGAG_HC,100,78.57142857
CGTCACTCACCAGCAC_LC,100,78.43137255
GTTACAGGTCCGAAGA_LC,100,78.10218978
CAGCTAATCTTAACCT_LC,100,77.46478873
AGTTGGTCAGTAAGCG_HC,100,77.35849057
CGACCTTTCGCATGAT_HC,100,77.27272727
GAATGAAGTAAGGATT_LC,100,77.14285714
TGACAACGTAGATTAG_LC,100,77.02702703
TAGAGCTGTATTCTCT_HC,100,76.92307692
CGGAGCTAGATCACGG_HC,100,76.34408602
GTGCATAAGTTATCGC_HC,100,76.19047619
CAGGTGCTCAGGATCT_LC,100,75.75757576
CCACCTAAGGCAGTCA_HC,100,75.55555556
TAGACCAGTCGCGTGT_HC,100,75
TCGGTAATCCCGGATG_HC,100,75
TTGAACGAGGACACCA_HC,100,75
GACTGCGCAGCTGTAT_LC,100,74.35897436
TTAGTTCTCTCTGTCG_LC,100,73.68421053
GAGTCCGTCTTGACGA_HC,100,72.97297297
AGTTGGTTCTGATACG_LC,100,72.79411765
TGTGGTACAGCTGTGC_LC,100,72.54901961
CGTAGGCAGCGCTCCA_LC,100,72.46376812
GTGCATAAGTTATCGC_LC,100,71.92982456
CATGACATCACGCGGT_LC,100,71.42857143
AAAGTAGAGGGTTTCT_LC,100,71.15384615
CAACCAAAGTTACGGG_LC,100,71.05263158
TCTCATATCATCGATG_HC,100,70
CTCACACCAGCGATCC_LC,100,69.84126984
AGATCTGAGTCGTACT_LC,100,69.76744186
CGGGTCATCGGATGTT_LC,100,69.73684211
CAGGTGCGTATGAAAC_LC,100,69.6969697
GCGCAACGTCAAGCGA_LC,100,69.64285714
CATTCGCTCCAGAGGA_HC,100,69.44444444
CTGTGCTAGAGAACAG_HC,100,69.44444444
TCGGTAATCCCGGATG_LC,100,69.30693069
TGTGTTTGTGCCTGCA_HC,100,69.23076923
CGACTTCTCATTGCGA_LC,100,68.85245902
GTCAAGTAGAGGACGG_LC,100,68.57142857
AAACCTGTCCTACAGA_LC,100,68.33333333
GAGTCCGTCCTAGAAC_HC,100,68.31683168
GGTATTGAGAATTCCC_LC,100,68.18181818
TAGAGCTAGAGCCTAG_LC,100,68.04123711
AGGGAGTGTGCCTGCA_LC,100,68
CCACTACAGGCAGTCA_LC,100,67.85714286
AAGACCTCATGCAATC_LC,100,67.74193548
GGCTGGTGTAGGAGTC_LC,100,67.69230769
CTCGTCATCTTCGAGA_LC,100,67.64705882
TCTCTAACATTACCTT_LC,100,67.56756757
ACCAGTACAGGGATTG_HC,100,67.26190476
GCATGATTCAGGTTCA_LC,100,67.0212766
TGTGTTTGTGCCTGCA_LC,100,66.92913386
CACCACTAGACCGGAT_LC,100,66.66666667
TGGGCGTCATGACATC_LC,100,66.66666667
GGAATAAGTCTCTCGT_LC,100,66.03773585
ACTGTCCCATCTGGTA_LC,100,65.82278481
ATCATGGGTGGTCTCG_LC,100,65.71428571
CACATAGTCATACGGT_LC,100,65.71428571
CTGTTTATCTGATACG_LC,100,65.71428571
ACATACGCAAATACAG_LC,100,65.27777778
CGTAGCGGTTCGGCAC_HC,100,65.2173913
ACGCCAGTCTAACTCT_LC,100,65.11627907
GATCGCGGTACAGCAG_LC,100,65.11627907
ACTGTCCCATCTGGTA_HC,100,65
GCTGCAGTCTTGTTTG_HC,100,64.70588235
TGAGAGGAGTGAAGTT_LC,100,64.51612903
CACACCTAGGCTACGA_HC,100,63.88888889
GGCTGGTCACGAAACG_LC,100,63.82978723
TAGAGCTAGAGCCTAG_HC,100,63.82978723
ACTGAGTTCTACTTAC_LC,100,63.63636364
AGGCCACCAAGAGTCG_LC,100,63.63636364
AGGGTGACATCGATTG_LC,100,63.63636364
GGCTCGAAGGATGGTC_LC,100,63.33333333
ACTTGTTCAATCGAAA_LC,100,62.96296296
CGTTGGGCACACCGAC_LC,100,62.96296296
TAGCCGGTCGGTTCGG_LC,100,62.96296296
TCCACACAGAAGATTC_HC,100,62.96296296
CGTCAGGAGTGTCCAT_HC,100,62.5
GCTGGGTAGTTTGCGT_LC,100,62.16216216
AAATGCCTCGAGGTAG_HC,100,62.06896552
GGCCGATTCTGCCCTA_HC,100,61.9047619
TTGTAGGTCCTGTACC_HC,100,61.9047619
CTGTGCTTCTATCCCG_LC,100,61.60337553
ATCACGAAGCGATGAC_LC,100,61.53846154
TTGACTTTCAGTGCAT_LC,100,61.53846154
CTGAAGTAGTTTAGGA_LC,100,61.2244898
CTCATTACACATGACT_LC,100,61.11111111
GACCAATTCAGCATGT_HC,100,61.11111111
GATCGCGCAGATCCAT_LC,100,61.11111111
GATCTAGGTTGCGCAC_LC,100,61.11111111
GTCTTCGCAATTGCTG_LC,100,60.46511628
CAGGTGCTCAACGGGA_LC,100,60.41666667
ACATACGCAAATACAG_HC,100,60
CATGACAGTGTCAATC_LC,100,60
CTGAAGTAGCTGATAA_HC,100,60
GGCCGATAGATTACCC_LC,100,60
TCGCGAGCATTTCAGG_HC,100,60
TTAACTCGTGGACGAT_LC,100,60
GTCACAATCTGATTCT_LC,100,59.70149254
CTGGTCTGTGTCAATC_LC,100,59.45945946
ACTGATGTCATTGCCC_LC,100,59.375
TCAGATGTCTGGCGAC_LC,100,59.375
GTAACGTCATTGAGCT_HC,100,59.25925926
TGGGCGTCATGACATC_HC,100,59.09090909
CACACCTAGGCTACGA_LC,100,58.86075949
TACCTATGTCATTAGC_HC,100,58.82352941
AGTGAGGGTCGATTGT_LC,100,58.62068966
TAAACCGAGACTGGGT_LC,100,58.62068966
ATCGAGTCACCATCCT_HC,100,58.33333333
TATCAGGAGTACGTAA_HC,100,58.26086957
ACTGAGTTCTACTTAC_HC,100,58.10810811
CGAGAAGCAGGAACGT_LC,100,58.06451613
TCGGTAACAATCAGAA_LC,100,57.89473684
TATCAGGAGTACGTAA_LC,100,57.79816514
TGTGGTAAGGCGACAT_LC,100,57.69230769
TTATGCTCATCCTTGC_LC,100,57.62711864
CCGTACTCAACTGGCC_LC,100,57.57575758
AAGGTTCGTTGTACAC_LC,100,57.5
TATCAGGTCTTCGAGA_LC,100,57.5
TGCTGCTGTACAGTGG_LC,100,57.5
AAAGCAAGTAGTACCT_LC,100,57.14285714
AAGTCTGAGCCAGAAC_HC,100,57.14285714
CAGCTAAAGTACGCGA_HC,100,57.14285714
CCTACCATCGTGGACC_LC,100,57.14285714
TCGGGACCACTTAAGC_HC,100,57.14285714
CTTTGCGCACATCCGG_LC,100,56.8627451
TTCTCAATCGCATGGC_LC,100,56.81818182
AGTGTCAAGAGGTTAT_LC,100,56.66666667
GAATAAGGTCGGGTCT_LC,100,56.60377358
GAGTCCGAGGTGCTTT_LC,100,56.56565657
ACTGAGTCAATCTACG_LC,100,56.52173913
TCTTTCCGTCTAGTCA_LC,100,56.41025641
GGCTCGAAGTCTCGGC_LC,100,56.31578947
CACACCTCATTACCTT_LC,100,56.25
GTCGTAATCGGGAGTA_LC,100,56.25
TAGTGGTCATCTCCCA_HC,100,56.09756098
AGTGTCACAGCTGGCT_LC,100,56
CATCGGGTCGTGGACC_LC,100,56
TAGACCAGTAAAGGAG_LC,100,55.91397849
CCAATCCTCGGAAATA_LC,100,55.55555556
CTGAAGTAGTTTAGGA_HC,100,55.55555556
CTGCGGACAGCCTATA_HC,100,55.55555556
GCAAACTTCTGTGCAA_LC,100,55.55555556
GTAGGCCTCTGAGTGT_LC,100,55.55555556
TTCTCAAAGCTAGTTC_LC,100,55.55555556
AGTTGGTGTCATTAGC_LC,100,55.17241379
ACGCCAGAGGCATTGG_LC,100,54.83870968
CTAGTGAAGAGAGCTC_LC,100,54.83870968
TGCTACCGTAGGGTAC_HC,100,54.66666667
ACGATACTCATTATCC_LC,100,54.54545455
TGATTTCGTTACTGAC_LC,100,54.54545455
TGCCAAACATCGGAAG_LC,100,54.54545455
TTTGGTTTCCGCGGTA_LC,100,54.54545455
ATCGAGTCACCATCCT_LC,100,54.41176471
TGATTTCAGGAGTAGA_LC,100,54.16666667
TTGGAACGTGAGCGAT_HC,100,54.05405405
CGTCAGGAGTGTCCAT_LC,100,53.93258427
AGCTTGACAATGGACG_LC,100,53.84615385
GAATAAGCAGGCTCAC_HC,100,53.84615385
GCGCGATTCTCCCTGA_LC,100,53.84615385
TTGTAGGTCCTGTACC_LC,100,53.84615385
CGAGAAGAGGCTATCT_LC,100,53.73134328
CGATCGGAGACACGAC_HC,100,53.65853659
CCTACCATCATGCATG_LC,100,53.57142857
GAACATCCAACTGGCC_LC,100,53.57142857
ATCTGCCGTATGGTTC_LC,100,53.33333333
CAGCCGACACACCGCA_LC,100,53.33333333
TTTGTCATCTACGAGT_LC,100,53.33333333
TGCGTGGGTCCCTACT_LC,100,53.26086957
GTAGGCCAGGCCGAAT_HC,100,53.19148936
ATCTACTGTATAGTAG_HC,100,52.94117647
GGACAGAAGGCGACAT_HC,100,52.94117647
ACTGCTCTCTTGACGA_LC,100,52.77777778
GAAGCAGAGAGGTTGC_HC,100,52.77777778
AACTGGTTCTCGCTTG_LC,100,52.57731959
TAGTGGTCAGCCACCA_LC,100,52.54237288
CACCTTGTCCCTTGCA_LC,100,52.38095238
CAGTAACCATATGGTC_LC,100,52.38095238
GGACAAGGTAGGGTAC_HC,100,52.38095238
AAAGCAAGTTCAGACT_HC,100,52.17391304
TTGACTTGTGCCTGGT_HC,100,52.17391304
TGCGGGTCAGTTCATG_HC,100,52
TTGCGTCCACTAAGTC_LC,100,52
TCGGGACTCACAAACC_LC,100,51.96850394
ATTTCTGTCTGTCCGT_LC,100,51.89873418
TAGCCGGTCGGTTCGG_HC,100,51.85185185
GCACTCTAGACGCTTT_LC,100,51.72413793
TGTTCCGGTCGGCTCA_LC,100,51.72413793
TCCACACAGAAGATTC_LC,100,51.61290323
ACTTGTTAGACAGAGA_LC,100,51.51515152
TAGTGGTCAGCCACCA_HC,100,51.51515152
AGCATACTCCTCAACC_HC,100,51.42857143
GATCGCGCAGATCCAT_HC,100,51.38888889
GTCTCGTCAGCGTAAG_LC,100,50.87719298
GGGATGAGTTGACGTT_LC,100,50.44247788
AGGTCATCAGTTCCCT_LC,100,50
ATCACGATCCGGGTGT_HC,100,50
CCTTCCCTCTCGCATC_LC,100,50
CTCATTACAAGCGAGT_HC,100,50
GGAAAGCCAAGTCTGT_LC,100,50
GGACGTCAGGCACATG_LC,100,50
GTAGGCCAGGCCGAAT_LC,100,50
TCAACGAAGATATACG_LC,100,50
TCGCGTTGTTCCGGCA_LC,100,50
TCGGGACCACTTAAGC_LC,100,50
AGTTGGTTCTGATACG_HC,99.37106918,66.03773585
GTGCGGTAGGCGACAT_LC,99.25925926,66.66666667
AACACGTCAGCTGGCT_LC,99.23664122,50.38167939
AGTGTCAAGAGGTTAT_HC,99.12280702,67.54385965
TGTGGTAGTACCATCA_LC,99.08256881,78.89908257
CGTAGGCAGCGCTCCA_HC,98.9010989,57.14285714
TTTACTGAGAGCTATA_LC,98.82352941,61.17647059
TGTGGTATCAGCTTAG_HC,98.79518072,65.06024096
TACTTACGTAGGGTAC_LC,98.79518072,55.42168675
TAGAGCTGTATTCTCT_LC,98.73417722,49.36708861
CACAGGCAGGTGCACA_HC,98.66666667,61.33333333
ACTGAGTCAATCTACG_HC,98.61111111,65.27777778
GCATGCGCACCAGGCT_LC,98.61111111,51.38888889
CACACTCGTAAGAGAG_LC,98.57142857,72.85714286
CCTAAAGAGGCATGTG_LC,98.55072464,52.17391304
CGGAGCTAGATCACGG_LC,98.52941176,76.47058824
GATCGCGCACAGATTC_HC,98.52941176,61.76470588
TTCTCAACACAGGTTT_LC,98.50746269,50.74626866
TGCCCTACAACTGCTA_LC,98.41269841,65.07936508
CTTGGCTAGTGTCTCA_HC,98.27586207,60.34482759
TTAACTCTCGGTCCGA_LC,98.24561404,61.40350877
CAGAGAGCATCCCATC_LC,98.18181818,61.81818182
TGAGAGGGTCTGATTG_LC,98.07692308,63.46153846
ACTGTCCAGGGTCTCC_LC,98.07692308,57.69230769
TCAGGATTCTTGAGAC_HC,98.07692308,57.69230769
TGACTTTCAATCGAAA_LC,98.07692308,55.76923077
GTGCAGCAGGTAGCTG_LC,98.03921569,54.90196078
TGCGCAGGTTGTTTGG_LC,98,56
CTTAGGAGTGGCAAAC_LC,97.91666667,62.5
GACCAATCATGAGCGA_HC,97.91666667,60.41666667
CATTCGCTCCAGAGGA_LC,97.82608696,56.52173913
CTCGAGGCATCCGGGT_HC,97.6744186,72.09302326
ATCTACTGTATAGTAG_LC,97.6744186,62.79069767
ACCGTAAGTACCCAAT_LC,97.6744186,58.13953488
GTCGGGTTCACTCTTA_LC,97.61904762,71.42857143
TGTGGTAGTACCATCA_HC,97.56097561,79.26829268
CGGAGCTCACAGATTC_LC,97.56097561,53.65853659
GGGATGAGTCGAAAGC_LC,97.56097561,48.7804878
CCACCTAAGGCAGTCA_LC,97.46835443,53.16455696
CTGAAGTAGCTGATAA_LC,97.32142857,57.14285714
CTTCTCTAGCGCCTTG_HC,97.2972973,64.86486486
ATTACTCGTCTAGGTT_LC,97.22222222,63.88888889
CTCCTAGGTAAACACA_LC,97.22222222,61.11111111
AGGGATGCAATGTAAG_LC,97.14285714,60
GACCAATCATGAGCGA_LC,97.14285714,60
CCTATTAAGGCACATG_LC,97.14285714,57.14285714
CACACCTAGTGAAGAG_HC,96.96969697,54.54545455
TGACGGCTCTCGCATC_LC,96.96969697,54.54545455
CATCGGGAGCGCTTAT_HC,96.77419355,54.83870968
GTCTCGTCACGGTTTA_LC,96.42857143,51.78571429
CCTATTAAGCTGAAAT_LC,96.2962963,55.55555556
GCTCCTAGTCAAACTC_LC,95.91836735,71.42857143
GCAAACTGTATCGCAT_LC,95.83333333,58.33333333
CTAAGACGTAGCCTAT_LC,95.65217391,67.39130435
CATATTCCAAGAAGAG_LC,95.65217391,56.52173913
ATCACGAAGCGATGAC_HC,95.65217391,52.17391304
GCGGGTTTCTTGGGTA_LC,95.45454545,63.63636364
CATCAGAAGGGTGTGT_LC,95.45454545,50
TCTGGAAGTCGGATCC_LC,95.38461538,63.07692308
TGACGGCCAGCTGTAT_LC,93.10344828,72.4137931
GTTCATTAGAAACGCC_LC,92,48
TTGGCAAAGTGTGAAT_LC,82.85714286,62.85714286
GGTGCGTTCAACGGCC_LC,82.14285714,48.21428571
ATCTGCCCATTTGCCC_LC,81.81818182,53.03030303
TCTCATATCATCGATG_LC,72.72727273,40
GATCGCGGTACAGCAG_HC,70.45454545,47.72727273
ACCAGTACAGGGATTG_LC,69.1588785,42.05607477
TTGGCAAGTTTGGCGC_HC,58.69565217,58.69565217
CTAGCCTGTCTTCGTC_LC,53.84615385,53.84615385
GCATACAGTTAGTGGG_LC,50.90909091,40
TAGTGGTCATCTCCCA_LC,45.45454545,45.45454545
CGTTGGGTCCTTTCTC_LC,41.17647059,41.17647059
TTGCCGTGTCTCTCTG_LC,30.90909091,30.90909091